set names utf8;
drop database if exists zw;
create database zw charset=utf8;
use zw;

CREATE TABLE forum(
    fid INT PRIMARY KEY AUTO_INCREMENT,
    uid INT,
    uname VARCHAR(12),
    title VARCHAR(20),
    contant VARCHAR(100),
    time VARCHAR(20),
    game INT,
    type INT,
    clicks INT
);
INSERT INTO forum VALUES(NULL,1,'Tom','里弗斯战斗模式安装没选项','刷了一天的材料做出来战斗模式 ，召唤出来里弗斯安装后没有反应，选项里面没有变成战斗模式，什么情况？材料还都没','1551083634',1,1,0);
INSERT INTO forum VALUES(NULL,1,'Tom','客服支持区','刷了一天的材料做出来战斗模式 ，召唤出来里弗斯安装后没有反应，选项里面没有变成战斗模式，什么情况？材料还都没','1551083634',1,2,0);
INSERT INTO forum VALUES(NULL,1,'Tom','战友招募','快来人','1551083634',1,3,0);
INSERT INTO forum VALUES(NULL,1,'Tom','活动即将开始','暂无','1551083634',1,4,0);
INSERT INTO forum VALUES(NULL,1,'Tom','测试','测试','1551083634',1,5,0);
INSERT INTO forum VALUES(NULL,1,'Tom','游戏XX好坑','刷了一天的材料做出来战斗模式 ，召唤出来里弗斯安装后没有反应，选项里面没有变成战斗模式，什么情况？材料还都没','1551083634',1,6,0);
INSERT INTO forum VALUES(NULL,1,'Tom','测试','测试','1551083634',1,1,0);
INSERT INTO forum VALUES(NULL,1,'Tom','测试','测试','1551083634',1,2,0);
INSERT INTO forum VALUES(NULL,1,'Tom','测试','测试','1551083634',1,3,0);
INSERT INTO forum VALUES(NULL,1,'Tom','测试','测试','1551083634',1,4,0);
INSERT INTO forum VALUES(NULL,1,'Tom','测试','测试','1551083634',1,5,0);
INSERT INTO forum VALUES(NULL,1,'Tom','测试','测试','1551083634',1,6,0);
INSERT INTO forum VALUES(NULL,1,'Tom','测试','测试','1551083634',1,1,0);
INSERT INTO forum VALUES(NULL,1,'Tom','测试','测试','1551083634',1,2,0);
INSERT INTO forum VALUES(NULL,1,'Tom','测试','测试','1551083634',1,3,0);
INSERT INTO forum VALUES(NULL,1,'Tom','测试','测试','1551083634',1,4,0);
INSERT INTO forum VALUES(NULL,1,'Tom','测试','测试','1551083634',1,5,0);
INSERT INTO forum VALUES(NULL,1,'Tom','测试','测试','1551083634',1,6,0);
INSERT INTO forum VALUES(NULL,1,'Tom','测试','测试','1551083634',1,1,0);
INSERT INTO forum VALUES(NULL,1,'Tom','测试','测试','1551083634',1,2,0);
INSERT INTO forum VALUES(NULL,1,'Tom','测试','测试','1551083634',1,3,0);
INSERT INTO forum VALUES(NULL,1,'Tom','测试','测试','1551083634',1,4,0);
INSERT INTO forum VALUES(NULL,1,'Tom','测试','测试','1551083634',1,5,0);
INSERT INTO forum VALUES(NULL,1,'Tom','测试','测试','1551083634',1,6,0);
INSERT INTO forum VALUES(NULL,1,'Tom','测试','测试','1551083634',1,1,0);
INSERT INTO forum VALUES(NULL,1,'Tom','测试','测试','1551083634',1,2,0);
INSERT INTO forum VALUES(NULL,1,'Tom','测试','测试','1551083634',1,3,0);
INSERT INTO forum VALUES(NULL,1,'Tom','测试','测试','1551083634',1,4,0);
INSERT INTO forum VALUES(NULL,1,'Tom','测试','测试','1551083634',1,5,0);
INSERT INTO forum VALUES(NULL,1,'Tom','测试','测试','1551083634',1,6,0);
INSERT INTO forum VALUES(NULL,1,'Tom','测试','测试','1551083634',1,1,0);
INSERT INTO forum VALUES(NULL,1,'Tom','测试','测试','1551083634',1,2,0);
INSERT INTO forum VALUES(NULL,1,'Tom','测试','测试','1551083634',1,3,0);
INSERT INTO forum VALUES(NULL,1,'Tom','测试','测试','1551083634',1,4,0);
INSERT INTO forum VALUES(NULL,1,'Tom','测试','测试','1551083634',1,5,0);
INSERT INTO forum VALUES(NULL,1,'Tom','测试','测试','1551083634',1,6,0);
CREATE TABLE reply(
    rid INT PRIMARY KEY AUTO_INCREMENT,
    fid INT,
    uname VARCHAR(12),
    contant VARCHAR(100),
    time VARCHAR(20),
    lead INT
);
INSERT INTO reply VALUES(NULL,1,'JERRY','里弗斯模块：驾驶战斗模式无法在战斗中使用也无法在破碎群岛以外的地图中使用哦，还请留意','1551084500',NULL);
INSERT INTO reply VALUES(NULL,1,'JACK','这位代表说的很对','1551084990',1);

#用户信息表
CREATE TABLE zw_user(
  uid INT PRIMARY KEY AUTO_INCREMENT,
  ID VARCHAR(32),
  uname VARCHAR(16),
  uemail VARCHAR(32),
  user VARCHAR(32),
  upwd VARCHAR(32),
  uphone VARCHAR(32)
);
INSERT INTO zw_user VALUES(NULL,'411524199811173631','木木','22590175@qq.com','abc','19970605','17629981179');

/**商城模块**/
CREATE TABLE zw_shop(
  game VARCHAR(32),	#游戏名字
  sid   INT,
  title VARCHAR(32),  #标题
  bri VARCHAR(128)   #简介
);
INSERT INTO zw_shop VALUES
('ms','1','新玩家起步','魔兽世界新玩家？从这里开始吧。'),
('ms','2','游戏时间','充值游戏时间，随时开始冒险。'),
('ms','3','虚拟坐骑','坐稳了——你的骑术有多高，坐骑就能跑多快。'),
('ms','4','虚拟宠物','收养小宠物，带着新伙伴在宠物对战中大展拳脚。'),
('ms','5','虚拟玩具','将各种趣味玩具加入你的游戏收藏，逗乐你的盟友或是捉弄你的敌人！'),
('ms','6','礼包','用一系列虚拟好礼来犒劳自己。'),
('ms','7','游戏服务','自定义你的游戏体验。');
INSERT INTO zw_shop VALUES
('sw','1','游戏','置身明日战场，在活力四射的团队射击游戏中为了未来而战。'),
('sw','2','可解锁内容','让各种虚拟好礼提升你的游戏体验。');
INSERT INTO zw_shop VALUES
('ah3','1','游戏','跨越天堂和地狱，在动作角色扮演游戏中为了庇护之地的同胞而战。'),
('ah3','2','可解锁内容','让各种虚拟好礼提升你的游戏体验。');
INSERT INTO zw_shop VALUES
('ls','1','游戏','傍着酒馆的炉火，在免费的集成类卡牌游戏中来一场脑力比拼。'),
('ls','2','奥术之尘礼包','用奥术之尘和赠送的卡牌包来打造你的理想套牌。'),
('ls','3','英雄','扮演一位新的英雄，在战场上大显身手。'),
('ls','4','仅限狂野模式','加入狂野模式，玩转所有卡牌，探索无限可能。');
INSERT INTO zw_shop VALUES
('fb','1','游戏','进入时空枢纽，和暴雪宇宙的英雄们一起在多人在线战术竞技游戏中奋斗。'),
('fb','2','可解锁内容','让各种虚拟好礼提升你的游戏体验。');
INSERT INTO zw_shop VALUES
('xj2','1','新玩家起步','星际争霸II新玩家？从这里开始吧。'),
('xj2','2','游戏','进入科普卢星区，化身异虫、星灵和人类，在即时战略游戏中冲锋陷阵。'),
('xj2','3','指挥官','化身英雄指挥官，称霸星际战场。'),
('xj2','4','播报员','让播报员的精彩解说提升你的《星际争霸II》游戏体验！'),
('xj2','5','礼包','让一系列虚拟好礼提升你的游戏体验。');
INSERT INTO zw_shop VALUES
('xj','1','游戏','重温暴雪经典游戏。进入科普卢星区，化身异虫、星灵和人类，在即时战略游戏中冲锋陷阵。');
INSERT INTO zw_shop VALUES
('ms3','1','游戏','重温暴雪经典游戏。扮演兽人、人类、亡灵和暗夜精灵，在即时战略游戏中展开奇幻之旅。');
CREATE TABLE zw_banner(
  game VARCHAR(32),	#游戏名字
  banner VARCHAR(64)	#banner
);

INSERT INTO zw_banner VALUES
('ms','http://127.0.0.1:3000/img/shop_banner/ms.jpg'),
('sw','http://127.0.0.1:3000/img/shop_banner/sw.jpg'),
('ah3','http://127.0.0.1:3000/img/shop_banner/ah3.jpg'),
('ls','http://127.0.0.1:3000/img/shop_banner/ls.jpg'),
('fb','http://127.0.0.1:3000/img/shop_banner/fb.jpg'),
('xj2','http://127.0.0.1:3000/img/shop_banner/xj2.jpg'),
('xj','http://127.0.0.1:3000/img/shop_banner/xj.jpg'),
('ms3','http://127.0.0.1:3000/img/shop_banner/ms3.jpg');

CREATE TABLE zw_tb(
  game VARCHAR(32),	#游戏名字
  tb VARCHAR(64)  #图标
);
INSERT INTO zw_tb VALUES
('ms','http://127.0.0.1:3000/img/tb/ms.png'),
('sw','http://127.0.0.1:3000/img/tb/sw.png'),
('ah3','http://127.0.0.1:3000/img/tb/ah3.png'),
('ls','http://127.0.0.1:3000/img/tb/ls.png'),
('fb','http://127.0.0.1:3000/img/tb/fb.png'),
('xj2','http://127.0.0.1:3000/img/tb/xj2.png'),
('xj','http://127.0.0.1:3000/img/tb/xj.png'),
('ms3','http://127.0.0.1:3000/img/tb/ms3.png');
CREATE TABLE zw_shop_pri(
  game VARCHAR(32),	#游戏名字
  sid   INT,
  pri  VARCHAR(128),
  pid INT PRIMARY KEY AUTO_INCREMENT
);
INSERT INTO zw_shop_pri VALUES
('ms','1','http://127.0.0.1:3000/img/ms/7b24a5294730589cef4aed478ddc83d.png',null),
('ms','1','http://127.0.0.1:3000/img/ms/9dca50299e8c185bce4b4a694abbca3.png',null),
('ms','2','http://127.0.0.1:3000/img/ms/7b24a5294730589cef4aed478ddc83d.png',null),
('ms','3','http://127.0.0.1:3000/img/ms/6152410c8813d3b34ed31718f632f21.png',null),
('ms','3','http://127.0.0.1:3000/img/ms/cw.png',null),
('ms','4','http://127.0.0.1:3000/img/ms/76bca5bda841af2d5abea901188d12b.png',null),
('ms','4','http://127.0.0.1:3000/img/ms/92643b7652506541b3db5b10132c596.png',null),
('ms','5','http://127.0.0.1:3000/img/ms/e906ecf3691c0405340b8a11bd0fba1.png',null),
('ms','5','http://127.0.0.1:3000/img/ms/d4682cf5d517e2892ed52cea26b82bf.png',null),
('ms','6','http://127.0.0.1:3000/img/ms/c4e0b47595fe5301542d4ee066f4a9f.png',null),
('ms','6','http://127.0.0.1:3000/img/ms/9dca50299e8c185bce4b4a694abbca3.png',null),
('ms','7','http://127.0.0.1:3000/img/ms/78d96984363b9f1289ed48dc0ba0f3b.png',null),
('ms','7','http://127.0.0.1:3000/img/ms/3565722f8cdb1ab839e154be69b3c91.png',null);
INSERT INTO zw_shop_pri VALUES
('sw','1','http://127.0.0.1:3000/img/sw/ed9386ee10913ae087a0471a6b42be4.png',null),
('sw','2','http://127.0.0.1:3000/img/sw/0760a5c29ea78787604f9003af3220a.png',null);
INSERT INTO zw_shop_pri VALUES
('ah3','1','http://127.0.0.1:3000/img/ah3/88af21be6c67eaf90aa3c6b4bd42d10.png',null),
('ah3','1','http://127.0.0.1:3000/img/ah3/60750e5b2097165790b7546a1134a8c.png',null),
('ah3','2','http://127.0.0.1:3000/img/ah3/925c19fbbd6d4198d12728a61b93667.png',null);
INSERT INTO zw_shop_pri VALUES
('ls','1','http://127.0.0.1:3000/img/ls/69e32634b184b492a34ef6e5eb80008.png',null),
('ls','2','http://127.0.0.1:3000/img/ls/4ddd5d80da2b7f070548f4bd6d2dc0e.png',null),
('ls','2','http://127.0.0.1:3000/img/ls/38ed7c3fdbf1055026ec9111411242c.png',null),
('ls','3','http://127.0.0.1:3000/img/ls/5e0c9e913517c8b9d6c86b7aeba7dbd.png',null),
('ls','3','http://127.0.0.1:3000/img/ls/45f946ea8a70dfc5b94fe923afb00eb.png',null),
('ls','4','http://127.0.0.1:3000/img/ls/72294d8d7276f78943f3881849b092a.png',null),
('ls','4','http://127.0.0.1:3000/img/ls/e07a0f2376fd23929b9f00b705c7490.png',null);
INSERT INTO zw_shop_pri VALUES
('fb','1','http://127.0.0.1:3000/img/fb/569f8320a5beedf6ee619f2d723c2d9.png',null),
('fb','2','http://127.0.0.1:3000/img/fb/87590306937587f93a4eb277fb0a4ce.png',null),
('fb','2','http://127.0.0.1:3000/img/fb/75f4425d2ca3dd2ea7772071cf91f68.png',null);
INSERT INTO zw_shop_pri VALUES
('xj2','1','http://127.0.0.1:3000/img/xj2/94a9a68113d7f2c195571a8dfe49e24.png',null),
('xj2','1','http://127.0.0.1:3000/img/xj2/b45cb7a971daf03d7f0ebe31c4cb63b.png',null),
('xj2','2','http://127.0.0.1:3000/img/xj2/b45cb7a971daf03d7f0ebe31c4cb63b.png',null),
('xj2','2','http://127.0.0.1:3000/img/xj2/94a9a68113d7f2c195571a8dfe49e24.png',null),
('xj2','3','http://127.0.0.1:3000/img/xj2/6400b1423c241d8b7dceefd1d8b56dc.png',null),
('xj2','3','http://127.0.0.1:3000/img/xj2/4f9c2681bc9d4a2130eda862c59208a.png',null),
('xj2','4','http://127.0.0.1:3000/img/xj2/c3615718bf1c9e1f393d31850ca567a.png',null),
('xj2','4','http://127.0.0.1:3000/img/xj2/69920453a008d930f56747a44ed60c7.png',null),
('xj2','5','http://127.0.0.1:3000/img/xj2/47c520e21fca9cfd9bb4c2d65fdef3b.png',null),
('xj2','5','http://127.0.0.1:3000/img/xj2/3f39b811abb9f263d3ecc46f3b35d1d.png',null);
INSERT INTO zw_shop_pri VALUES
('xj','1','http://127.0.0.1:3000/img/xj/2e9b31a77409ff4b8dffb63b0dd75ea.png',null);
INSERT INTO zw_shop_pri VALUES
('ms3','1','http://127.0.0.1:3000/img/ms3/8ff53bbdd503a2b8fd047f56968b264.png',null);
CREATE TABLE zw_detail(
  pid INT,
  pri  VARCHAR(256), # banner图片
  tb  VARCHAR(256), # tb图片
  title VARCHAR(64),  #标题
  bri VARCHAR(128),   #简介
  title2 VARCHAR(64),  #标题
  bri2 VARCHAR(128),   #简介
  price INT  #价格
);
INSERT INTO zw_detail VALUES
('1','http://127.0.0.1:3000/img/banner/ms.jpg','http://127.0.0.1:3000/img/xtb/ms.png','《魔兽世界®》: 争霸艾泽拉斯','魔兽世界®: 游戏时间','这个世界正等待着您','等待您的还有许多，史诗般的冒险，甚至属于您自己的一番传奇。毫无惧色地冲向您的敌人，与您从未认识的战友一起出生入死结下友谊。做您从未做过的事。降临到《魔兽世界》中，与成千上万的强大英雄们一起进入充满神话、魔法与无尽冒险的在线世界。体验各种各样的神奇经历。赶快加入我们吧。','75'),
('2','http://127.0.0.1:3000/img/banner/ms.jpg','http://127.0.0.1:3000/img/xtb/ms.png','魔兽世界®: 《争霸艾泽拉斯》数字典藏礼包','魔兽世界®: 礼包','数字典藏礼包','购买数字典藏礼包，获取史诗级的游戏物品奖励！','240'),
('3','http://127.0.0.1:3000/img/banner/ms.jpg','http://127.0.0.1:3000/img/xtb/ms.png','《魔兽世界®》: 争霸艾泽拉斯','魔兽世界®: 游戏时间','这个世界正等待着您','等待您的还有许多，史诗般的冒险，甚至属于您自己的一番传奇。毫无惧色地冲向您的敌人，与您从未认识的战友一起出生入死结下友谊。做您从未做过的事。降临到《魔兽世界》中，与成千上万的强大英雄们一起进入充满神话、魔法与无尽冒险的在线世界。体验各种各样的神奇经历。赶快加入我们吧。','75'),
('4','http://127.0.0.1:3000/img/banner/6435ec.jpg','http://127.0.0.1:3000/img/xtb/ms.png','狡狐魔使','魔兽世界®: 虚拟坐骑','一只不会欺骗你的狐狸','狡狐魔使既聪明机灵又极富好奇心，它们穿过黑暗虚空来到艾泽拉斯，寻找伟大英雄的陪伴。它们天生勇敢无畏，各个都是能陪你在艾泽拉斯（甚至更远的地方）冒险的好伙伴。','120'),
('5','http://127.0.0.1:3000/img/banner/c2ffd.jpg','http://127.0.0.1:3000/img/xtb/ms.png','泰瑞尔的天使战马','魔兽世界®: 虚拟坐骑','正义坐骑','这匹高贵而忠诚的战马曾是正义大天使的亲密伙伴。如今它正在寻找新的主人。赶快召唤来自暗黑位面高阶天堂的天使战马，冲向与黑暗势力作战的最前线吧。','240'),
('6','http://127.0.0.1:3000/img/banner/97bbe.jpg','http://127.0.0.1:3000/img/xtb/ms.png','亮爪','魔兽世界®: 虚拟宠物','完美宠物','这只发光的小猫精力过剩，有时会毫无由来地四处乱窜，在身后拖出一道魔力轨迹。无论你是要去探索地下城还是去扑蝴蝶，亮爪都很乐意陪伴你左右。','45'),
('7','http://127.0.0.1:3000/img/banner/00d2a.jpg','http://127.0.0.1:3000/img/xtb/ms.png','小拉格','魔兽世界®: 虚拟宠物','尝尝萨弗隆的微型烈焰吧','迷你元素领主——小拉格能够点燃你的公会成员心中的嫉妒之火。它不仅可以做你的烹饪用火，有时还会点燃过于靠近它燃烧形态的小动物。作为纯净元素之火，它甚至能够在你移动时浸入世界的熔火之心，然后在你停下脚步时浮现在你的身旁。','45'),
('8','http://127.0.0.1:3000/img/banner/ms.jpg','http://127.0.0.1:3000/img/xtb/ms.png','幻变者道标','魔兽世界®: 虚拟玩具','化身为首领！','虚灵有一项新把戏，可以联结虚空，帮助你在战场上散播混乱与困惑。使用幻变者道标可以召唤一名虚灵幻变者，将你和你的盟友的外形变为一名艾泽拉斯历史上最为可怕的敌人。
<br>
在限定的期限内，25%的销售收入将用于扩充本年度《魔兽世界竞技场世界锦标赛》和《魔兽世界史诗钥石地下城全球锦标赛》线下比赛的奖金池。欢迎查看博文，了解详情。','45'),
('9','http://127.0.0.1:3000/img/banner/ms.jpg','http://127.0.0.1:3000/img/xtb/ms.png','狮王之傲和部落之力烟花','魔兽世界®: 虚拟玩具','用史诗般的花火庆祝胜利','经过激烈的短兵相接，你最终成功击败了一名强敌，此时还有什么更能令你满意呢？那就是在刚刚倒下的敌人身上放置一枚烟花！在刚刚被击败的敌方玩家身上燃放这些可重复使用的烟花，点亮天空，给敌方阵营发送一个明确的信号吧。
<br>
在限定的期限内，25%的销售收入将用于扩充本年度《魔兽世界竞技场世界锦标赛》和《魔兽世界史诗钥石地下城全球锦标赛》线下比赛的奖金池。欢迎查看博文，了解详情。','45'),
('10','http://127.0.0.1:3000/img/banner/0bdc.jpg','http://127.0.0.1:3000/img/xtb/ms.png','《魔兽世界®：军团再临》: 典藏礼包','魔兽世界®: 礼包','数字典藏礼包','数字典藏礼包为你带来各种酷炫的游戏物品，比如伊利达雷魔犬坐骑，以及其他暴雪游戏的联动奖励等，让你的冒险之旅更加精彩纷呈。查看详情，了解关于这些超赞奖励的更多信息。','240'),
('11','http://127.0.0.1:3000/img/banner/ms.jpg','http://127.0.0.1:3000/img/xtb/ms.png','魔兽世界®: 《争霸艾泽拉斯》数字典藏礼包','魔兽世界®: 礼包','数字典藏礼包','购买数字典藏礼包，获取史诗级的游戏物品奖励！','240'),
('12','http://127.0.0.1:3000/img/banner/bae72.jpg','http://127.0.0.1:3000/img/xtb/ms.png','阵营转换服务','魔兽世界®: 游戏服务','从另一个角度看事情','“叛徒”是一个非常刺眼的词…没错，您的盟友可能不会乐见您的离开，不过他们又曾为您做过什么呢？或许是时候改变立场了；或许另一边还有朋友等着您的加入；又或许另一方的月亮真的比较圆。阵营转换服务也包括免费的种族变更服务，从而能让您顺利地融入新的阵营！','84'),
('13','http://127.0.0.1:3000/img/banner/3d795.jpg','http://127.0.0.1:3000/img/xtb/ms.png','时光徽章','魔兽世界®: 游戏服务','黄金机遇','时间就是金钱，我的朋友——但有些时候将它们互相转换并不那么容易。现在，《魔兽世界》的玩家可以使用一种名为“魔兽世界时空徽章”的物品，将金币与游戏时间互相转换了。想要了解更多的情况，请继续读下去！','75'),
('14','http://127.0.0.1:3000/img/banner/sw.jpg','http://127.0.0.1:3000/img/xtb/sw.png','《守望先锋®》','团队射击游戏','“年度最佳运营游戏奖” - The Game Awards','这个世界需要英雄。与超过4000万*玩家一起加入《守望先锋》的未来战场，从各具特色的士兵、科学家、冒险家和奇人异士中选择你的英雄。扭曲时空、逆反物理、用神奇的力量和武器释放出强大的威力。加入这个终极团队射击游戏，在全球各个著名地点与敌人展开搏斗。*数据来源于公司内部统计以及主要合作伙伴的销售报表。','98'),
('15','http://127.0.0.1:3000/img/banner/4742.jpg','http://127.0.0.1:3000/img/xtb/sw.png','《守望先锋®》游戏货币: 赠送补给','守望先锋®: 可解锁内容','整装待发！','不管是在落英缤纷的花村发射火箭，还是穿上轮滑鞋在国王大道飞驰，你都希望自己的英雄能够别具一格。用游戏货币解锁个性化物品，皮肤、表情、姿势、语音、喷漆、特写都可以彰显你的个人特色。购买游戏货币即可获得赠送的补给，收获更多惊喜！','12'),
('16','http://127.0.0.1:3000/img/banner/ah3.jpg','http://127.0.0.1:3000/img/xtb/ah3.png','《暗黑破坏神III》','动作角色扮演游戏','魔神重生','自三魔神被打败并被逐出庇护之地已有二十年。如今，你必须回到一切开始的地方——崔斯特姆镇——调查一颗落天之星的真相，因为这是邪恶重生的先兆，预示着末世即将来临。','0'),
('17','http://127.0.0.1:3000/img/banner/1e6290.jpg','http://127.0.0.1:3000/img/xtb/ah3.png','《暗黑破坏神III》: 《夺魂之镰》','动作角色扮演游戏','没有人能阻止死亡','黑暗灵魂石中的邪恶躁动不息，渴望挣脱牢笼与复仇的恨意已近沸腾。就在灵魂石将被永久封存之际，马萨伊尔•死亡天使怀着一个可怕的目的化现人间——盗走黑暗灵魂石，将地狱之力据为己有。 于是，万物的终结降临了……','198'),
('18','http://127.0.0.1:3000/img/banner/4d5afs.jpg','http://127.0.0.1:3000/img/xtb/ah3.png','暗黑破坏神III：“死灵再世”内容包','暗黑破坏神III: 可解锁内容','加入教团','驾驭鲜血、枯骨和精魂的可怕力量，重返凡间世界。“死灵再世”内容包将揭晓《暗黑破坏神III》的全新内容。','88'),
('19','http://127.0.0.1:3000/img/banner/ls.jpg','http://127.0.0.1:3000/img/xtb/ls.png','《炉石传说®》','策略类卡牌游戏','难以置信的简单、不可思议的有趣','收起您的刀剑，拿出您的套牌，一起来玩《炉石传说》吧！这款快节奏的策略卡牌游戏非常容易上手，极具趣味性。您要用您的卡牌来投射法术、召唤生物和控制《魔兽争霸》中的英雄，来赢得一场极具策略的卡牌决斗。我们还有说这游戏可以免费玩吗？','0'),
('20','http://127.0.0.1:3000/img/banner/571c4.jpg','http://127.0.0.1:3000/img/xtb/ls.png','勇闯安戈洛','炉石传说®: 奥术之尘礼包','遗忘之地在向我们召唤……','打点行装，跟伊莉斯·逐星一起探索神秘的洪荒大陆。制服残暴的恐龙，驾驭不羁的元素，挑战各种游戏任务，赢取丰厚的奖励。揭开135张强大卡牌的秘密，谱写“勇闯安戈洛”的传奇！','60'),
('21','http://127.0.0.1:3000/img/banner/a5079.jpg','http://127.0.0.1:3000/img/xtb/ls.png','冰封王座的骑士','炉石传说®: 奥术之尘礼包','巫妖王在召唤……你将如何回应？','《炉石传说》的英雄们面临着一个艰难的抉择——是要抵抗巫妖王，还是拥抱死亡骑士的力量？135张令人颤栗的全新卡牌等待着敢于挑战死亡，登上冰封王座的人！','60'),
('22','http://127.0.0.1:3000/img/banner/77ea.jpg','http://127.0.0.1:3000/img/xtb/ls.png','《炉石传说®》英雄：奥蕾莉亚','炉石传说®: 英雄','一排猛烈的箭雨','奥蕾莉亚是一位行踪不定的精灵猎手，她会利用隐秘的行动与灵巧的力量消灭敌人。再加上还有许多强大的伙伴为她而战，没有人能够低估她的力量。激动人心的动画，加上奥蕾莉亚亲自配音的表情，可以让你在游戏中感受狩猎者的精神。','60'),
('23','http://127.0.0.1:3000/img/banner/2de0d.jpg','http://127.0.0.1:3000/img/xtb/ls.png','《炉石传说®》英雄：麦格尼','炉石传说®: 英雄','一个暴躁的矮人','麦格尼·铜须有着一颗战士的心，凭借着强壮与坚韧安然无恙地经历了一场又一场战斗。充分利用麦格尼的强大力量与人格魅力，哪怕面对最可怕的对手也可以取胜。激动人心的动画，加上麦格尼本人配音的表情，可以让你在游戏中感受战士的情怀。','60'),
('24','http://127.0.0.1:3000/img/banner/5cdb.jpg','http://127.0.0.1:3000/img/xtb/ls.png','黑石山的火焰','炉石传说®: 仅限狂野模式','这里越来越热了……','那么就把敌人都干掉吧！火焰领主在熔火之心燃烧的腹地扎根，死亡之翼之子耐法里安在黑石塔的顶峰盘旋，黑石山期待着热火朝天的战斗。你可以在单人冒险模式的五个区域中考验自己的智慧，挑战传说中的首领，解开挑战的谜团，当然了，在这过程中还可以收藏全新的卡牌。','158'),
('25','http://127.0.0.1:3000/img/banner/88dfc.jpg','http://127.0.0.1:3000/img/xtb/ls.png','地精大战侏儒','炉石传说®: 仅限狂野模式','警告：易爆机械','收拾你的工具，拂去机械上的积灰，让我们来翻开这笔陈年旧账——勇敢无畏的地精巧匠和创意无穷的侏儒工程师，到底谁更厉害？倒腾零件把随从“改良”一下，用123张油迹斑斑的卡牌轰出胜利的火花！请注意，我们不提供保险开关。','60'),
('26','http://127.0.0.1:3000/img/banner/fb.jpg','http://127.0.0.1:3000/img/xtb/fb.png','《风暴英雄™》','多人在线战术竞技游戏','加入时空枢纽','《风暴英雄》是一款热闹无比的MOBA游戏，暴雪游戏中你最喜欢的角色都将悉数登场。你可以按照自己的游戏风格，在暴雪塑造的各个世界中选择并打造个性化的英雄。你可以与朋友一起加入这场快节奏的大乱斗，也可以根据不同的战场调整战略，选择游戏方式。','0'),
('27','http://127.0.0.1:3000/img/banner/b9755.jpg','http://127.0.0.1:3000/img/xtb/fb.png','《风暴英雄™》：宝石','风暴英雄™: 可解锁内容','为你的收藏增色添彩','宝石已经在《风暴英雄》里闪亮登场。你不仅可以在暴雪游戏商城和游戏内购买宝石，每当你的玩家等级得到一定提升时，还会收到系统赠送的宝石奖励。你可以用宝石在收藏界面解锁英雄、礼包、战利品箱、强化剂以及各种推荐物品。','15'),
('28','http://127.0.0.1:3000/img/banner/086fae.jpg','http://127.0.0.1:3000/img/xtb/fb.png','基础包','风暴英雄™: 可解锁内容','基础包','用李敏打乱敌人方寸，用精英牛头人酋长冲锋陷阵，用卢西奥力挺队友前进——基础包为你带来8位强大的英雄，助你掌控战场！','120'),
('29','http://127.0.0.1:3000/img/banner/xj2.jpg','http://127.0.0.1:3000/img/xtb/xj2.png','《星际争霸II》','即时策略游戏','任你遨游','在史诗般的剧情战役、激烈的多人对战，以及团结互助的合作任务中，体验恢宏的星际霸权战争。','0'),
('30','http://127.0.0.1:3000/img/banner/ca183.jpg','http://127.0.0.1:3000/img/xtb/xj2.png','《星际争霸II》: 战役合集','即时策略游戏','完整三部曲','拥有数百万玩家的《星际争霸II》早已成就了游戏界的传奇。现在是时候加入战局，领导人类、星灵和异虫军队赢得星际战争的胜利了。准备好作战吧，指挥官，前线需要你的帮助。','198'),
('31','http://127.0.0.1:3000/img/banner/ca183.jpg','http://127.0.0.1:3000/img/xtb/xj2.png','《星际争霸II》: 战役合集','即时策略游戏','完整三部曲','拥有数百万玩家的《星际争霸II》早已成就了游戏界的传奇。现在是时候加入战局，领导人类、星灵和异虫军队赢得星际战争的胜利了。准备好作战吧，指挥官，前线需要你的帮助。','198'),
('32','http://127.0.0.1:3000/img/banner/xj2.jpg','http://127.0.0.1:3000/img/xtb/xj2.png','《星际争霸II》','即时策略游戏','任你遨游','在史诗般的剧情战役、激烈的多人对战，以及团结互助的合作任务中，体验恢宏的星际霸权战争。','0'),
('33','http://127.0.0.1:3000/img/banner/13e9e.jpg','http://127.0.0.1:3000/img/xtb/xj2.png','指挥官：德哈卡','星际争霸II: 指挥官','虫巢之智','德哈卡是生性狡诈的原始异虫族群首领，在这些年里历经坎坷，生存的考验让他变得更加强大。虽然很大程度上，是收集更多精华的欲望驱使着他，但是他也愿意与合适的人结盟。德哈卡已经准备好去帮助配得上他的智慧和毅力的人了。','25'),
('34','http://127.0.0.1:3000/img/banner/25604.jpg','http://127.0.0.1:3000/img/xtb/xj2.png','指挥官：泽拉图','星际争霸II: 指挥官','为艾尔而战','泽拉图是黑暗圣堂武士中的一员。这是一群久负盛名的灵能战士，他们的祖先因为拒绝融入卡拉——星灵共同的思维链接，而坚持作为独立个人发展，在千年以前被迫离开了星灵的家园艾尔。作为黑暗圣堂武士的领袖，自异虫威胁爆发以来，黑暗教长泽拉图为保全星灵一族的有生力量发挥了至关重要的作用。','25'),
('35','http://127.0.0.1:3000/img/banner/e6325.jpg','http://127.0.0.1:3000/img/xtb/xj2.png','播报员：Day[9]','星际争霸II: 播报员','属于你的声音','以“Day[9]”为玩家所熟识的Sean Plott从初代《星际争霸》开始就已经崭露头角。后来，他推出了直播节目“Day9 Daily”，为玩家带来电竞解说和许多精彩内容，继续在《星际争霸II》中投入了大量的时间和精力。他的语音包里充满了妙趣横生的评论和富有感染力的笑声，用热情陪伴你赢得比赛。','38'),
('36','http://127.0.0.1:3000/img/banner/a33.jpg','http://127.0.0.1:3000/img/xtb/xj2.png','播报员：Park','星际争霸II: 播报员','属于你的声音','自2005年首次亮相MSL Suvrivor Tournament以来，Park Sang Hyun用他独有的诙谐与激情四射的评论风格解说了无数的《星际争霸》赛事，其中还包括GSL和电视游戏节目。现在他将用同样热情洋溢而又不失风趣的语言亲自解说您的比赛。让战斗开始吧！','38'),
('37','http://127.0.0.1:3000/img/banner/a612a.jpg','http://127.0.0.1:3000/img/xtb/xj2.png','爆笑星际完整包','星际争霸II: 礼包','让星际更星际','哔哔，请让路！爆笑星际的可爱角色正式入驻《星际争霸II》了！完整包包含了总计31个表情、9个头像以及3个印花。不管你是人类、星灵或是异虫玩家，都有为你精心准备的可爱内容！购买爆笑星际原创作品，赞助爆笑星际动画！每一笔销售的一部分收益都会直接转给爆笑星际动画。','61'),
('38','http://127.0.0.1:3000/img/banner/7dd69.jpg','http://127.0.0.1:3000/img/xtb/xj2.png','2018暴雪嘉年华战争宝箱皮肤包','星际争霸II: 礼包','酷炫登场','换上2018暴雪嘉年华战争宝箱里的皮肤，联合先进的尤摩扬军队，探索仿生异虫的秘密，重现黄金时代的辉煌！','192'),
('39','http://127.0.0.1:3000/img/banner/xj.jpg','http://127.0.0.1:3000/img/xtb/xj.png','《星际争霸®：重制版》','即时策略游戏','再创辉煌','重温经典之作——《星际争霸：重制版》让暴雪原创科幻类即时战略游戏，及其广受喜爱的资料片《母巢之战》全面升级，以更优异的画质和语音，刻画出人类、星灵和异虫之间无比恢宏的星际之战，同时保留了原版深入人心的经典元素。','98'),
('40','http://127.0.0.1:3000/img/banner/ms3.jpg','http://127.0.0.1:3000/img/xtb/ms3.png','《魔兽争霸III：重制版》','即时策略游戏','经典之作，王者归来','《魔兽争霸III：重制版》让这款颠覆性的即时战略游戏彻底重塑，再次演绎艾泽拉斯史诗的起源故事。这是一次完美的重制，不仅视效完全翻新，还加入了一系列现代化的社交和匹配功能，以及各种内容优化。在这款经典的即时战略游戏中，指挥暗夜精灵、亡灵、兽人和人类，体验明枪暗箭、瞬息万变的恢宏战争。','168');

CREATE TABLE zw_detail_content(
  pid INT,
  title VARCHAR(32),  #标题
  pri VARCHAR(64),  #图片
  ctitle VARCHAR(128), #主题
  bri VARCHAR(128)   #简介
);
INSERT INTO zw_detail_content VALUES
('1','新的冒险在等待着你','http://127.0.0.1:3000/img/ms/1/1.jpg','同盟种族','开始任务，踏上招募全新可玩同盟种族的旅程。'),
('1','新的冒险在等待着你','http://127.0.0.1:3000/img/ms/1/2.jpg','组成强大的联盟','单独游戏或者叫上您的好友一起组成联盟，在广阔的满目疮痍的战争世界中并肩作战。'),
('1','新的冒险在等待着你','http://127.0.0.1:3000/img/ms/1/3.jpg','体验史诗任务','亲身体验成千上万的一直在不断添加的自定义任务。挑战伊利丹·背叛者，打败巫妖王和他麾下的亡灵大军，除此之外还有更多。'),
('1','新的冒险在等待着你','http://127.0.0.1:3000/img/ms/1/4.jpg','探索不断变化的艾泽拉斯世界','《魔兽世界》一直在持续更新任务、地图和怪物。在这个不断变化的世界里，您还可以参与例如啤酒节或冬幕节等季度性的节日活动！'),
('1','新的冒险在等待着你','http://127.0.0.1:3000/img/ms/1/5.jpg','加入PvP战斗','加入联盟与部落之间的战争，两大阵营为了夺取艾泽拉斯世界的控制权一直征战不休。大到竞技场和战场，小到大比例的PvP区域以及开放的世界战斗，您总会有赢得战斗荣耀的机会。'),
('1','新的冒险在等待着你','http://127.0.0.1:3000/img/ms/1/6.jpg','重返经典年代','重返那个神秘的年代，探索野蛮兽人的故乡世界：德拉诺。你将见证德莱尼神庙卡拉波的陷落，并与先知维伦、霜狼氏族酋长杜隆坦这样的传奇英雄并肩作战。'),
('2','丰富你的收藏','http://127.0.0.1:3000/img/ms/2/1.jpg','《魔兽世界®》坐骑','不管是驾驭海鬃骏马为联盟而战，或是骑乘奢华暴掠龙向部落证明你的忠诚，你在战斗和冒险中都能一马当先。'),
('2','丰富你的收藏','http://127.0.0.1:3000/img/ms/2/2.jpg','《魔兽世界®》始祖龟宠物','不管你是想参加激烈的宠物对战，或者只是想踩一踩它结实的外壳，始祖龟宝宝都是你的忠诚伙伴。'),
('2','丰富你的收藏','http://127.0.0.1:3000/img/ms/2/3.jpg','《守望先锋®》奖励','使用部落和联盟主题的托比昂语音，“猎空”表情，安度因、吉安娜、希尔瓦娜斯和萨鲁法尔喷漆，以及库尔提拉斯与赞达拉主题的头像，在未来战场上展现阵营风采！'),
('2','丰富你的收藏','http://127.0.0.1:3000/img/ms/2/4.jpg','《炉石传说®》卡背','“燃烧的艾泽拉斯”卡背将让你的套牌变得如火焰般炽热。请当心，别把牌池点燃了！'),
('2','丰富你的收藏','http://127.0.0.1:3000/img/ms/2/5.jpg','《星际争霸II》喷漆','有了全新的部落和联盟主题喷漆，你在击垮对手时就可以在地图上留下阵营的标记了！'),
('2','丰富你的收藏','http://127.0.0.1:3000/img/ms/2/6.jpg','《风暴英雄™》坐骑','驾驭原始火刃豹，驰骋时空枢纽！它的三种酷炫配色能让你在战场上神采飞扬。'),
('3','新的冒险在等待着你','http://127.0.0.1:3000/img/ms/1/1.jpg','同盟种族','开始任务，踏上招募全新可玩同盟种族的旅程。'),
('3','新的冒险在等待着你','http://127.0.0.1:3000/img/ms/1/2.jpg','组成强大的联盟','单独游戏或者叫上您的好友一起组成联盟，在广阔的满目疮痍的战争世界中并肩作战。'),
('3','新的冒险在等待着你','http://127.0.0.1:3000/img/ms/1/3.jpg','体验史诗任务','亲身体验成千上万的一直在不断添加的自定义任务。挑战伊利丹·背叛者，打败巫妖王和他麾下的亡灵大军，除此之外还有更多。'),
('3','新的冒险在等待着你','http://127.0.0.1:3000/img/ms/1/4.jpg','探索不断变化的艾泽拉斯世界','《魔兽世界》一直在持续更新任务、地图和怪物。在这个不断变化的世界里，您还可以参与例如啤酒节或冬幕节等季度性的节日活动！'),
('3','新的冒险在等待着你','http://127.0.0.1:3000/img/ms/1/5.jpg','加入PvP战斗','加入联盟与部落之间的战争，两大阵营为了夺取艾泽拉斯世界的控制权一直征战不休。大到竞技场和战场，小到大比例的PvP区域以及开放的世界战斗，您总会有赢得战斗荣耀的机会。'),
('3','新的冒险在等待着你','http://127.0.0.1:3000/img/ms/1/6.jpg','重返经典年代','重返那个神秘的年代，探索野蛮兽人的故乡世界：德拉诺。你将见证德莱尼神庙卡拉波的陷落，并与先知维伦、霜狼氏族酋长杜隆坦这样的传奇英雄并肩作战。'),
('4','驰骋疆场','http://127.0.0.1:3000/img/ms/4/1.jpg','准备起飞！','完成购买后，狡狐魔使就是您的了！'),
('4','驰骋疆场','http://127.0.0.1:3000/img/ms/4/2.jpg','账号通用！','将其激活后，狡狐魔使将通用于一个暴雪游戏通行证中现有的和未来创建的所有游戏角色。它会出现在每一个游戏角色的宠物和坐骑栏中。'),
('4','驰骋疆场','http://127.0.0.1:3000/img/ms/4/3.jpg','自动升级','狡狐魔使会根据每一个游戏角色所学习的骑乘技能来自动调整它的能力。如果游戏角色级别较低还不能使用飞行坐骑，它仍然可以作为地面坐骑使用。'),
('5','驰骋疆场','http://127.0.0.1:3000/img/ms/5/1.jpg','准备起飞！','完成购买后，泰瑞尔的天使战马就是您的了！'),
('5','驰骋疆场','http://127.0.0.1:3000/img/ms/5/2.jpg','人手一只！','将其激活后，泰瑞尔的天使战马将通用于一个暴雪游戏通行证中现有的和未来创建的所有游戏角色。它会出现在每一个游戏角色的宠物和坐骑栏中。'),
('5','驰骋疆场','http://127.0.0.1:3000/img/ms/5/3.jpg','自动升级','泰瑞尔的天使战马会根据每一个游戏角色所学习的骑乘技能来自动调整它的能力。如果游戏角色级别较低还不能使用飞行坐骑，它仍然可以作为地面坐骑使用。'),
('6','惹人喜爱的小伙伴','http://127.0.0.1:3000/img/ms/6/1.jpg','整装待发','购买完成即可获得你的专属亮爪，不用繁琐的手续，而她也早已准备就绪！'),
('6','惹人喜爱的小伙伴','http://127.0.0.1:3000/img/ms/6/2.jpg','账号通用','只要购买完成，账号上现有以及未来创建的《魔兽世界》角色都能拥有一只亮爪。查看每个角色的宠物手册就能找到她。'),
('6','惹人喜爱的小伙伴','http://127.0.0.1:3000/img/ms/6/3.jpg','战斗就绪','亮爪将在宠物对战中助你一臂之力，宠物对战是充满乐趣和战略的对战游戏，可以为你的宠物伙伴们解锁独特的奖励。'),
('7','惹人喜爱的小伙伴','http://127.0.0.1:3000/img/ms/7/1.jpg','准备出笼！','完成购买后，小拉格就是您的了！'),
('7','惹人喜爱的小伙伴','http://127.0.0.1:3000/img/ms/7/2.jpg','人手一只！','将其激活后，小拉格将通用于一个暴雪游戏通行证中现有的和未来创建的所有游戏角色。它会出现在每一个游戏角色的宠物和坐骑栏中。'),
('7','惹人喜爱的小伙伴','http://127.0.0.1:3000/img/ms/7/3.jpg','随时准备战斗','您可以让小拉格参加宠物对战。这是《魔兽世界》中的一种快节奏、富有趣味性的宠物战斗游戏，玩家在其中不仅可以获得奖励还能触发一些日常任务。'),
('8','玩具箱里有什么？','http://127.0.0.1:3000/img/ms/8/1.jpg','继承黑手的衣钵','虚灵幻变者会暂时改变你的外观，将你随机变为一名你在冒险中遇到的史诗级敌人。你的命运是化身为大魔导师艾利桑德，还是被暗影扭曲的耐奥祖呢？'),
('8','玩具箱里有什么？','http://127.0.0.1:3000/img/ms/8/2.jpg','组建邪恶军团','被召唤后，虚灵幻变者将根据自己的意愿改变你的小队或团队中任何成员的外形。与好友一同组队，在下次的副本中扭转战局吧。'),
('8','玩具箱里有什么？','http://127.0.0.1:3000/img/ms/8/3.jpg','账号通用','完成购买后，幻变者道标就是您的了！将其激活后，该玩具将通用于一个暴雪游戏通行证中现有的和未来创建的所有游戏角色。'),
('9','玩具箱里有什么？','http://127.0.0.1:3000/img/ms/9/1.jpg','让天空染上阵营自豪的色彩','无论是在评级战场、竞技场、或是野外，这些烟花都能使你在遭遇敌对玩家时，用一种全新的爆炸性方式宣告你的忠诚。只要在被击败的敌对阵营玩家身上放置烟花，后退，然后抬头望天即可。'),
('9','玩具箱里有什么？','http://127.0.0.1:3000/img/ms/9/2.jpg','千变万化','当你点燃烟花后，它将随机绽放一种阵营主题图案。“哦！”，是暴风城雄狮。“啊！”，是部落的徽记。“噢！”，是你锋锐的巨斧。'),
('9','玩具箱里有什么？','http://127.0.0.1:3000/img/ms/9/3.jpg','账号通用！','完成购买后，玩具就是您的了！其中包括两个阵营的烟花，并且使用次数没有限制。将其激活后，该玩具将通用于一个暴雪游戏通行证中现有的和未来创建的所有游戏角色。'),
('10','丰富你的收藏','http://127.0.0.1:3000/img/ms/10/1.jpg','《魔兽世界®》伊利达雷魔犬坐骑','骑着恶魔们的战争猎犬—伊利达雷魔犬去追猎入侵的燃烧军团。在脱离了燃烧军团的恐惧犬舍以及高阶训犬者的虐待后，这些恶魔猛兽渴望着对它们的前主人进行报复。'),
('10','丰富你的收藏','http://127.0.0.1:3000/img/ms/10/2.jpg','《魔兽世界®》咬咬宠物','在经过和恶魔旷日持久的战斗后，召唤可爱的咬咬，用邪火温暖你的内心。'),
('10','丰富你的收藏','http://127.0.0.1:3000/img/ms/10/3.jpg','《风暴英雄™》魔犬坐骑','骑着凶猛的魔犬坐骑，在时空枢纽的战斗中来去自如。利爪、尖刺和恐怖的外形，无不让敌人感到心惊胆战，而且还有三种不同配色供您选择！'),
('10','丰富你的收藏','http://127.0.0.1:3000/img/ms/10/4.jpg','《星际争霸II》头像','使用灌注了灵能的伊利丹和古尔丹头像，以炫酷的方式夺回艾尔。'),
('10','丰富你的收藏','http://127.0.0.1:3000/img/ms/10/5.jpg','《暗黑破坏神III》飞翼与头盔','带上伊利丹的翅膀，在庇护之地的战场来回冲杀，将恐惧深深地烙印在可憎的恶魔心中。使用恶魔猎手头盔幻化继续在庇护之地的旅程，表达对燃烧军团的“敬意”。'),
('11','丰富你的收藏','http://127.0.0.1:3000/img/ms/2/1.jpg','《魔兽世界®》坐骑','不管是驾驭海鬃骏马为联盟而战，或是骑乘奢华暴掠龙向部落证明你的忠诚，你在战斗和冒险中都能一马当先。'),
('11','丰富你的收藏','http://127.0.0.1:3000/img/ms/2/2.jpg','《魔兽世界®》始祖龟宠物','不管你是想参加激烈的宠物对战，或者只是想踩一踩它结实的外壳，始祖龟宝宝都是你的忠诚伙伴。'),
('11','丰富你的收藏','http://127.0.0.1:3000/img/ms/2/3.jpg','《守望先锋®》奖励','使用部落和联盟主题的托比昂语音，“猎空”表情，安度因、吉安娜、希尔瓦娜斯和萨鲁法尔喷漆，以及库尔提拉斯与赞达拉主题的头像，在未来战场上展现阵营风采！'),
('11','丰富你的收藏','http://127.0.0.1:3000/img/ms/2/4.jpg','《炉石传说®》卡背','“燃烧的艾泽拉斯”卡背将让你的套牌变得如火焰般炽热。请当心，别把牌池点燃了！'),
('11','丰富你的收藏','http://127.0.0.1:3000/img/ms/2/5.jpg','《星际争霸II》喷漆','有了全新的部落和联盟主题喷漆，你在击垮对手时就可以在地图上留下阵营的标记了！'),
('11','丰富你的收藏','http://127.0.0.1:3000/img/ms/2/6.jpg','《风暴英雄™》坐骑','驾驭原始火刃豹，驰骋时空枢纽！它的三种酷炫配色能让你在战场上神采飞扬。'),
('12','自定义你的游戏风格','http://127.0.0.1:3000/img/ms/12/1.jpg','登录','登录《魔兽世界》，访问角色选择界面中的商城，以购买这件商品。'),
('12','自定义你的游戏风格','http://127.0.0.1:3000/img/ms/12/1.jpg','选择您的角色','选择您想要更换阵营的角色。在通常情况下，更换阵营所需时间在一小时以内。在您下一次登录《魔兽世界》时，您会在游戏角色选择画面中的游戏角色旁边看到一个新出现的图标。点击它开始更换阵营吧。'),
('12','自定义你的游戏风格','http://127.0.0.1:3000/img/ms/12/1.jpg','让自己焕然一新！','在转换阵营菜单中，您可以为您的游戏角色挑选一个新的种族（有职业限制），然后开始自定义角色外观。享受您的新阵营吧！'),
('13','自定义你的游戏风格','http://127.0.0.1:3000/img/ms/13/1.jpg','安全交易','魔兽世界时光徽章让玩家可以通过方便、安全、具有官方约束力的方式，在游戏中的拍卖行里直接实现金币与游戏时间的交易。'),
('13','自定义你的游戏风格','http://127.0.0.1:3000/img/ms/13/1.jpg','明码标价','获得金币变得更加容易了！只需要到游戏的内置商城，用真实货币购买魔兽世界时光徽章，然后将它放到拍卖行里，等待拍卖完成就可以了！'),
('13','自定义你的游戏风格','http://127.0.0.1:3000/img/ms/13/1.jpg','用金币换取游戏时间','访问拍卖行，用你辛苦赚来的金币购买一枚其他玩家出售的魔兽世界时光徽章。等到拍卖行将徽章寄到你的游戏内邮箱后，右键点击邮件把徽章放到你的背包里，然后再右键点击，就可以在你的账号中添加30天的游戏时间了。'),
('14','为未来而战','http://127.0.0.1:3000/img/sw/1/1.jpg','感受超凡体验','加速或减缓时间的流动；装备飞行铠甲，在空中降下毁灭之雨；像幽灵一般神出鬼没，追捕猎物；施展巨龙之力、超凡入圣或重力喷涌，释放巨大威力——每位英雄都有独一无二的，足以扭转战局的本领。'),
('14','为未来而战','http://127.0.0.1:3000/img/sw/1/2.jpg','体会英雄，而不是职业','每个英雄都有自己独特的战争见解以及背景故事。你既可以是一名为荣耀而战，拿着火箭大锤的迟暮勇士；也可以是一名机械僧侣，试图消除人类与机械之间的隔阂；还可以是一名聪明的科学家，同时也是一只经过基因改造的大猩猩。还有更多的英雄等着你来发现。'),
('14','为未来而战','http://127.0.0.1:3000/img/sw/1/3.jpg','齐心协力…为未来而战','团队配合就是生存的第一法则。准确的配合将带来立竿见影的效果，让你用无法阻挡的力量摧毁敌人。'),
('14','为未来而战','http://127.0.0.1:3000/img/sw/1/4.jpg','时刻注意调整战略','在你的队伍即将面临溃败时，迅速切换英雄，改变战场的形势。但别忘记了，你的敌人也可以做到同样的事情。全面掌握这个游戏机制，在双方不停的战略转换中获取先机。'),
('14','为未来而战','http://127.0.0.1:3000/img/sw/1/5.jpg','世界就是战场','保护埃及阿努比斯神庙的秘密、护送EMP设备通过伦敦的国王大道，在世界各地的著名地点英勇战斗。每张地图都有独特的设计概念、游戏机制以及团队目标。'),
('15','收集个性化物品，打造独特风格','http://127.0.0.1:3000/img/sw/2/1.jpg','尽情挑选','犒劳自己，无需等待特殊的时机。随心所欲，购买游戏货币来打造你最喜欢的英雄！'),
('15','收集个性化物品，打造独特风格','http://127.0.0.1:3000/img/sw/2/2.jpg','世界就是战场','有了游戏货币，你就可以炫耀亮丽的新皮肤，或者用新的姿势庆祝刚刚打赢的一场硬仗。不管选择谁出场，你的英雄都将以独特的风采迎接下一场比赛！'),
('15','收集个性化物品，打造独特风格','http://127.0.0.1:3000/img/sw/2/3.jpg','好礼相赠','除了游戏货币以外，我们将送给你一些补给。每份补给内含四件物品，可能为普通、精良、史诗或传说品质。如果拿到重复的物品，将折算成游戏货币作为补偿，让你拥有更多的个性化选择！'),
('16','为庇护之地而战','http://127.0.0.1:3000/img/ah3/1/1.jpg','力敌全军','运用与生俱来的英雄神力擎天撼地，使用冰与火的力量净化邪祟，召唤异世界的魔卒斩妖除魔。'),
('16','为庇护之地而战','http://127.0.0.1:3000/img/ah3/1/2.jpg','征服无尽的战场','游走于随机化的3D环境，消灭无处不在的恶魔军团。挑战数不清的混世魔头，探索新场景中的奇特任务，获取各式各样的战利品。保证次次经历皆与众不同。'),
('16','为庇护之地而战','http://127.0.0.1:3000/img/ah3/1/3.jpg','勇闯庇护之地的黑暗世界','从卡尔蒂姆的通天高塔到巴斯廷要塞的围城墙垣，凡间世界全都遭到了地狱力量的腐化影响。赶紧加入庇护之地的防御力量，在恶魔灭世的浩劫之际力挽狂澜。'),
('16','为庇护之地而战','http://127.0.0.1:3000/img/ah3/1/4.jpg','收集神秘的财富','在打败迪亚波罗爪牙的过程中，你可以收集令人目眩的财宝。装备、升级、制造强大的武器和装甲，成为庇护之地的传奇英雄。'),
('16','为庇护之地而战','http://127.0.0.1:3000/img/ah3/1/5.jpg','与好友并肩作战','与另外三名好友一起，登录暴雪提供的免费在线游戏服务——战网®，共同对抗恶魔族群。你们可以根据自己的能力调整游戏难度（相应的也可以获得更好的战利品）。'),
('17','为庇护之地而战','http://127.0.0.1:3000/img/ah3/2/1.jpg','化身圣教军力挽狂澜','坚如磐石的铁甲加身，寒光凛凛的兵器在手，破坏力惊人的凡间新英雄——圣教军！'),
('17','为庇护之地而战','http://127.0.0.1:3000/img/ah3/2/2.jpg','提升英雄的能力','拥有了总计八个角色栏位和全新的英雄之后，你会有更大的机会打败最黑暗的敌人。此外无限畅玩包还会提供额外的四个物品栏位，让你将所有光辉的战利品贮藏起来。'),
('17','为庇护之地而战','http://127.0.0.1:3000/img/ah3/2/3.jpg','猛烈进击第五幕','从层叠交错的威斯特玛大街小巷到混沌要塞的古老墙垣，跟随全新的《暗黑III》第五幕故事剧情指引，和大量全新加入的凶残敌人战个痛快！'),
('17','为庇护之地而战','http://127.0.0.1:3000/img/ah3/2/4.jpg','征服全新的游戏模式','新的冒险模式将在庇护之地全境展开——你可以传送到任何一幕场景的任何一个路标点。同时加入游戏的还有赏金任务和奈非天秘境两项新的功能，为游戏增加了无穷无尽的可再玩性。'),
('17','为庇护之地而战','http://127.0.0.1:3000/img/ah3/2/5.jpg','发现强大的新财富','重新设计过的指向性“智能掉落”战利品系统，全新的传奇物品，以及秘术师调整物品属性的力量，都在改善您的游戏体验。除此之外，您还会拥有四个额外的物品栏，储藏您的辉煌战绩。'),
('18','丰富你的收藏','http://127.0.0.1:3000/img/ah3/3/1.jpg','全新英雄职业 - 死灵法师','玩家可选男性和女性死灵法师，操控复生的亡灵大军，将黑暗技艺发挥至极。'),
('18','丰富你的收藏','http://127.0.0.1:3000/img/ah3/3/2.jpg','2个额外的角色栏位','帮助你扩充身经百战的英雄阵容。'),
('18','丰富你的收藏','http://127.0.0.1:3000/img/ah3/3/3.jpg','2页额外的储藏箱空间栏','收藏强大的武器和护甲等装备供各个英雄使用。'),
('18','丰富你的收藏','http://127.0.0.1:3000/img/ah3/3/4.jpg','墓穴守护者双翼','散发着死亡的气息，所有英雄均可使用。'),
('18','丰富你的收藏','http://127.0.0.1:3000/img/ah3/3/5.jpg','畸形傀儡宠物','召唤一只畸形傀儡宠物，帮你从阵亡的敌人身上收集金币。'),
('18','丰富你的收藏','http://127.0.0.1:3000/img/ah3/3/6.jpg','战旗形状、战旗徽记、旌旗','佩戴死灵法师的标识征战凡世沙场。'),
('19','打造套牌，开始切磋！','http://127.0.0.1:3000/img/ls/1/1.jpg','来参加吧！','随您自己的时间表来进行游戏——大部分情况下一场游戏不会超过10分钟，无论您是和好友还是和电脑AI玩。《炉石传说》非常容易上手而且具有极其平易近人的游戏性，支持Windows、Mac和Ipad平台。'),
('19','打造套牌，开始切磋！','http://127.0.0.1:3000/img/ls/1/2.jpg','免费游戏','《炉石传说》是可以免费游戏的，不仅仅是免费尝试或免费开始游戏哦。卡牌不一定非要购买，因为您赢得比赛后同样也会获得卡牌，此外，您甚至还可以自己制作卡牌。'),
('19','打造套牌，开始切磋！','http://127.0.0.1:3000/img/ls/1/3.jpg','体验《魔兽争霸®》的全新方式','您的套牌都是由《魔兽争霸》世界中的传奇英雄以及怪物、法术、物品和技能所组成。在你出牌时，加入进《炉石传说》中的视觉、声音以及其它的细节效果会带给您一种从未有过的新奇体验。'),
('19','打造套牌，开始切磋！','http://127.0.0.1:3000/img/ls/1/4.jpg','快捷的比赛匹配','不同水平的玩家都能在排位和非排位赛以及甚至竞技场中找到一场充满趣味的战斗，竞技场是一种特殊的锦标赛模式。《炉石传说》的比赛匹配系统会将您和您水平相当的玩家匹配在一起。'),
('19','打造套牌，开始切磋！','http://127.0.0.1:3000/img/ls/1/5.jpg','搭配完美的套牌','有了强大的预置套牌以及可以赢取、制作或购买的成百上千的额外卡牌——您的搜集过程永远不会停止。策略的可行性是无限的！'),
('19','打造套牌，开始切磋！','http://127.0.0.1:3000/img/ls/1/6.jpg','熟能生巧','在练习赛中挑战萨尔、古尔丹等等艾泽拉斯世界中的著名勇士，以此来磨练您的技巧，赢得单人游戏的奖励。您甚至还可以解锁专家级别的电脑AI，体验更为困难的挑战！'),
('20','丰富你的卡牌收藏','http://127.0.0.1:3000/img/ls/2/1.jpg','购买奥术之尘！','购买奥术之尘即可获得赠送的系列卡牌包。每包卡牌包内含5张《炉石传说》系列卡牌，其中至少1张为稀有或更高品质。用奥术之尘在“我的收藏”中制作卡牌吧！'),
('20','丰富你的卡牌收藏','http://127.0.0.1:3000/img/ls/2/2.jpg','组建套牌','有了奥术之尘，你就可以随心所欲地挑选自己喜欢的卡牌来组建套牌。在“我的收藏”里看看你可以制作哪些卡牌吧。自己动手，其乐无穷！'),
('20','丰富你的卡牌收藏','http://127.0.0.1:3000/img/ls/2/3.jpg','谱写传说','没错——你可以制作任何稀有度的卡牌，从普通到传说！只要多花点心思研究，你就可以打造出一副让所有朋友都赞叹不已的套牌。'),
('21','丰富你的卡牌收藏','http://127.0.0.1:3000/img/ls/2/1.jpg','购买奥术之尘！','购买奥术之尘即可获得赠送的系列卡牌包。每包卡牌包内含5张《炉石传说》系列卡牌，其中至少1张为稀有或更高品质。用奥术之尘在“我的收藏”中制作卡牌吧！'),
('21','丰富你的卡牌收藏','http://127.0.0.1:3000/img/ls/2/2.jpg','组建套牌','有了奥术之尘，你就可以随心所欲地挑选自己喜欢的卡牌来组建套牌。在“我的收藏”里看看你可以制作哪些卡牌吧。自己动手，其乐无穷！'),
('21','丰富你的卡牌收藏','http://127.0.0.1:3000/img/ls/2/3.jpg','谱写传说','没错——你可以制作任何稀有度的卡牌，从普通到传说！只要多花点心思研究，你就可以打造出一副让所有朋友都赞叹不已的套牌。'),
('22','踏上新的英雄之路','http://127.0.0.1:3000/img/ls/4/1.jpg','崭新的形象，熟悉的体验','使用你最喜欢的炉石英雄，用你的才华击败对手。你可以在各个不同的角色之间选择，每个角色都有着自己的态度与喜好，并会用别具一格的方式掷出卡牌。同职业的英雄仍然会使用你所熟悉和喜爱的职业法术和英雄能力，所以准备好获得胜利吧！'),
('22','踏上新的英雄之路','http://127.0.0.1:3000/img/ls/4/2.jpg','史诗级动画与表情','独一无二的进场效果，特殊的英雄能力与头像动画，专有的英雄边框，以及新英雄亲自配音的表情——这些功能可以为你的游戏体验添加个性魅力。'),
('22','踏上新的英雄之路','http://127.0.0.1:3000/img/ls/4/3.jpg','游戏中的卡背','购买这名英雄还将获得一个定制主题卡背，让你在游戏里全面地展现你所喜爱的英雄的特色。'),
('23','踏上新的英雄之路','http://127.0.0.1:3000/img/ls/5/1.jpg','崭新的形象，熟悉的体验','使用你最喜欢的炉石英雄，用你的才华击败对手。你可以在各个不同的角色之间选择，每个角色都有着自己的态度与喜好，并会用别具一格的方式掷出卡牌。同职业的英雄仍然会使用你所熟悉和喜爱的职业法术和英雄能力，所以准备好获得胜利吧！'),
('23','踏上新的英雄之路','http://127.0.0.1:3000/img/ls/5/2.jpg','史诗级动画与表情','独一无二的进场效果，特殊的英雄能力与头像动画，专有的英雄边框，以及新英雄亲自配音的表情——这些功能可以为你的游戏体验添加个性魅力。'),
('23','踏上新的英雄之路','http://127.0.0.1:3000/img/ls/5/3.jpg','游戏中的卡背','购买这名英雄还将获得一个定制主题卡背，让你在游戏里全面地展现你所喜爱的英雄的特色。'),
('24','狂野之战','http://127.0.0.1:3000/img/ls/6/1.jpg','黑石山摇滚起来','黑石山由五个区组成。你可以用暴雪游戏点数在游戏商城中打包购买所有五个区。现在就进入黑石深渊，开始你的冒险吧！'),
('24','狂野之战','http://127.0.0.1:3000/img/ls/6/2.jpg','获得强大的新卡牌','穿过黑石山险境环生的通道，击溃沿途的敌人，可以获得18张职业卡牌；除此之外，打败每一个区域的守卫之后还可以得到其他的卡牌，总计有31张全新卡牌等待你获取。你可以马上将它们加入自己的套牌，全副武装，应对任何面对的挑战。'),
('24','狂野之战','http://127.0.0.1:3000/img/ls/6/3.jpg','测试你的勇气','九场独一无二的职业挑战在黑石山的深渊中等待着你，你的技巧是否能通过这考验？征服这些挑战，你可以将新的职业专属卡牌加入你的收藏。'),
('25','丰富你的卡牌收藏','http://127.0.0.1:3000/img/ls/7/1.jpg','购买奥术之尘！','购买奥术之尘即可获得赠送的系列卡牌包。每包卡牌包内含5张《炉石传说》系列卡牌，其中至少1张为稀有或更高品质。用奥术之尘在“我的收藏”中制作卡牌吧！'),
('25','丰富你的卡牌收藏','http://127.0.0.1:3000/img/ls/7/2.jpg','组建套牌','有了奥术之尘，你就可以随心所欲地挑选自己喜欢的卡牌来组建套牌。在“我的收藏”里看看你可以制作哪些卡牌吧。自己动手，其乐无穷！'),
('25','丰富你的卡牌收藏','http://127.0.0.1:3000/img/ls/7/3.jpg','谱写传说','没错——你可以制作任何稀有度的卡牌，从普通到传说！只要多花点心思研究，你就可以打造出一副让所有朋友都赞叹不已的套牌。'),
('26','进入时空枢纽','http://127.0.0.1:3000/img/fb/1/1.jpg','召唤永恒的英雄','萨尔，凯瑞甘，迪亚波罗，阿尔萨斯，泽拉图，泰瑞尔——这些耳熟能详的名字都来到了这个永恒战场，随时准备在战斗中检验自己的力量。谁会与你并肩作战？你可以在过去20余年间的暴雪游戏中选择自己最钟意的英雄。'),
('26','进入时空枢纽','http://127.0.0.1:3000/img/fb/1/2.jpg','危机四伏的战场','每场战斗中都会面临前所未有的挑战，领略令人无法自拔的游戏体验。解开各个战场的传奇奥秘，可以让你有更多的机会赢得辉煌的胜利。同时你还需要不断地调整作战策略，否则就会被敌人击垮！'),
('26','进入时空枢纽','http://127.0.0.1:3000/img/fb/1/3.jpg','独树一帜的战斗风格','优秀的玩家赢得胜利，伟大的玩家则会用令人耳目一新的方式、穿着华丽的盛装赢得胜利。你可以在数十种独一无二的英雄、皮肤和坐骑中挑选出自己喜爱的组合，让自己看上去与众不同；也可以为英雄选择独有的天赋与能力。你还可以通过磨炼自己的技术，解锁史诗般的大师皮肤，在战场上展现你的终级统治力。'),
('28','进入时空枢纽','http://127.0.0.1:3000/img/fb/3/1.jpg','扩充阵容','不管你是想活动筋骨，还是练习魔法，都可以在这里找到你想要的！基础包里有各种类型的英雄，包括：精英牛头人酋长、格雷迈恩、凯瑞甘、李奥瑞克、李敏、卢西奥、乌瑟尔，以及扎加拉。'),
('28','进入时空枢纽','http://127.0.0.1:3000/img/fb/3/1.jpg','超值优惠','以将近55%的优惠价格获取8位英雄！不管是想集满英雄、扩充收藏，或是想尝试不同的游戏玩法，基础包都是不容错过选择。'),
('28','进入时空枢纽','http://127.0.0.1:3000/img/fb/3/1.jpg','属于你的收藏','基础包会根据你已经拥有的英雄而自动调整价格。大胆地拿下让你跃跃欲试的英雄吧！'),
('29','进入科普卢星区','http://127.0.0.1:3000/img/xj2/1/1.jpg','自由之翼剧情战役','曾荣获大奖的《星际争霸II：自由之翼》，剧情战役现在全部免费。你将率领人类探索整个星系，寻求荣耀、复仇和救赎。你可以选择想要体验的任务和故事线，跟随扣人心弦的剧情遨游科幻的宇宙。'),
('29','进入科普卢星区','http://127.0.0.1:3000/img/xj2/1/2.jpg','对战模式','指挥所有多人游戏单位，在竞争激烈的天梯上不断攀登。畅玩非排名赛以及模拟战比赛；在当天的非排名赛或模拟战比赛中获得10场胜利后即可解锁排名比赛。'),
('29','进入科普卢星区','http://127.0.0.1:3000/img/xj2/1/3.jpg','合作任务指挥官','扮演合作任务指挥官，跟朋友一起迎接艰难的挑战！你将免费解锁凯瑞甘、雷诺和阿塔尼斯，其他所有指挥官也可以免费玩到5级。'),
('30','进入科普卢星区','http://127.0.0.1:3000/img/xj2/2/1.jpg','三部史诗级战役','史诗三部曲《自由之翼®》、《虫群之心®》和《虚空之遗®》，以及诺娃隐秘行动任务包将一共带来超过70个任务，让你体验震撼剧情。'),
('30','进入科普卢星区','http://127.0.0.1:3000/img/xj2/2/2.jpg','合作任务指挥官','在线上与其他玩家一同完成合作任务，并使用雷诺、凯瑞甘、阿塔尼斯、斯旺、扎加拉、沃拉尊和凯拉克斯等知名人物作为你的指挥官。'),
('30','进入科普卢星区','http://127.0.0.1:3000/img/xj2/2/3.jpg','每周突变因子','你每周都可以操控经验丰富的指挥官，在合作任务中挑战变化莫测的战场。'),
('30','进入科普卢星区','http://127.0.0.1:3000/img/xj2/2/4.jpg','多样化宇宙','不管是一大群跳虫或是大型战列巡航舰，你可以指挥各种多人游戏单位，在无数地图和游戏模式中体验星际霸权战争。'),
('30','进入科普卢星区','http://127.0.0.1:3000/img/xj2/2/5.jpg','天梯竞技','立即投身排名比赛，各阶段的玩家都能为自己赢得一席之地，在竞争激烈的天梯上不断攀登。'),
('30','进入科普卢星区','http://127.0.0.1:3000/img/xj2/2/6.jpg','额外英雄奖励','战役合集还将额外解锁暴雪娱乐免费MOBA游戏《风暴英雄™》中的阿塔尼斯。'),
('31','进入科普卢星区','http://127.0.0.1:3000/img/xj2/2/1.jpg','三部史诗级战役','史诗三部曲《自由之翼®》、《虫群之心®》和《虚空之遗®》，以及诺娃隐秘行动任务包将一共带来超过70个任务，让你体验震撼剧情。'),
('31','进入科普卢星区','http://127.0.0.1:3000/img/xj2/2/2.jpg','合作任务指挥官','在线上与其他玩家一同完成合作任务，并使用雷诺、凯瑞甘、阿塔尼斯、斯旺、扎加拉、沃拉尊和凯拉克斯等知名人物作为你的指挥官。'),
('31','进入科普卢星区','http://127.0.0.1:3000/img/xj2/2/3.jpg','每周突变因子','你每周都可以操控经验丰富的指挥官，在合作任务中挑战变化莫测的战场。'),
('31','进入科普卢星区','http://127.0.0.1:3000/img/xj2/2/4.jpg','多样化宇宙','不管是一大群跳虫或是大型战列巡航舰，你可以指挥各种多人游戏单位，在无数地图和游戏模式中体验星际霸权战争。'),
('31','进入科普卢星区','http://127.0.0.1:3000/img/xj2/2/5.jpg','天梯竞技','立即投身排名比赛，各阶段的玩家都能为自己赢得一席之地，在竞争激烈的天梯上不断攀登。'),
('31','进入科普卢星区','http://127.0.0.1:3000/img/xj2/2/6.jpg','额外英雄奖励','战役合集还将额外解锁暴雪娱乐免费MOBA游戏《风暴英雄™》中的阿塔尼斯。'),
('32','进入科普卢星区','http://127.0.0.1:3000/img/xj2/1/1.jpg','自由之翼剧情战役','曾荣获大奖的《星际争霸II：自由之翼》，剧情战役现在全部免费。你将率领人类探索整个星系，寻求荣耀、复仇和救赎。你可以选择想要体验的任务和故事线，跟随扣人心弦的剧情遨游科幻的宇宙。'),
('32','进入科普卢星区','http://127.0.0.1:3000/img/xj2/1/2.jpg','对战模式','指挥所有多人游戏单位，在竞争激烈的天梯上不断攀登。畅玩非排名赛以及模拟战比赛；在当天的非排名赛或模拟战比赛中获得10场胜利后即可解锁排名比赛。'),
('32','进入科普卢星区','http://127.0.0.1:3000/img/xj2/1/3.jpg','合作任务指挥官','扮演合作任务指挥官，跟朋友一起迎接艰难的挑战！你将免费解锁凯瑞甘、雷诺和阿塔尼斯，其他所有指挥官也可以免费玩到5级。'),
('33','战局由你掌控','http://127.0.0.1:3000/img/xj2/3/1.jpg','虫群大军','德哈卡的族群拥有许多凶猛的生物，而且他还与三个原始异虫首领结成了联盟，组成了一支无人能挡的大军。'),
('33','战局由你掌控','http://127.0.0.1:3000/img/xj2/3/2.jpg','采集精华','德哈卡从敌人身上搜刮精华，使自己的体形变大，力量增强，并解锁毁灭性的新能力。'),
('33','战局由你掌控','http://127.0.0.1:3000/img/xj2/3/3.jpg','吞噬猎物','德哈卡是一个强大的捕食者，可以在战场上吞噬敌人，并在短时间内获得他们的某些优势。'),
('34','直面黑暗降临','http://127.0.0.1:3000/img/xj2/4/1.jpg','黑暗圣堂武士','作为指挥官，泽拉图可以借助萨尔纳加的力量来强化和升级他的部队。他是玩家可以在战场上直接控制的英雄单位。他还能召唤由著名星灵战士带领的增援部队。虽然这些援军无法直接被控制，但是你可以指引他们前往战略要点。以古代萨尔纳加的力量与智慧为武装，泽拉图必将彻底改变命运的走向。'),
('34','直面黑暗降临','http://127.0.0.1:3000/img/xj2/4/1.jpg','收集神器','泽拉图借助神秘的力量在战场上为盟友助力。在每一场合作任务中，他可以通过先知视野来寻找遗失的萨尔纳加神器碎片。每集齐三块碎片，他就能拼合一件神器，获得一种强大的新能力。他的部队也会通过你找到的神器而获得升级。此外，收集的碎片越多，就能得到越多的助益。'),
('34','直面黑暗降临','http://127.0.0.1:3000/img/xj2/4/1.jpg','战术配合','随着战斗的推进，你可以通过选择神器能力来打造顶部技能条来强化你的策略。比如，静滞射线可以使敌人陷入静滞状态，让你可以各个击破。虚空闪现可以缩短单位的闪现技能冷却时间，让他们能对敌人造成更具毁灭性的打击。'),
('35','精彩解说','http://127.0.0.1:3000/img/xj2/5/1.jpg','随心选择','不同的播报员有不同的播报风格，你可以根据游戏风格或心情来选择最适合你的播报员，或者直接选择随机播报员，在游戏中见证惊喜！'),
('35','精彩解说','http://127.0.0.1:3000/img/xj2/5/2.jpg','随买随到','一旦购买完成你就可以立即使用Day[9]播报员，体验更加具备代入感（或诙谐感）的游戏！'),
('35','精彩解说','http://127.0.0.1:3000/img/xj2/5/3.jpg','走向胜利','有了Day[9]助阵，不论是指挥虫群冲锋陷阵、操作陆战队员疯狂扫射或是使用灵能让敌人灰飞烟灭，你都能获得更具史诗感的《星际争霸II》游戏体验。'),
('36','精彩解说','http://127.0.0.1:3000/img/xj2/5/1.jpg','随心选择','不同的播报员有不同的播报风格，你可以根据游戏风格或心情来选择最适合你的播报员，或者直接选择随机播报员，在游戏中见证惊喜！'),
('36','精彩解说','http://127.0.0.1:3000/img/xj2/5/2.jpg','随买随到','一旦购买完成你就可以立即使用Day[9]播报员，体验更加具备代入感（或诙谐感）的游戏！'),
('36','精彩解说','http://127.0.0.1:3000/img/xj2/5/3.jpg','走向胜利','有了Park助阵，不论是指挥虫群冲锋陷阵、操作陆战队员疯狂扫射或是使用灵能让敌人灰飞烟灭，你都能获得更具史诗感的《星际争霸II》游戏体验。'),
('37','丰富你的收藏','http://127.0.0.1:3000/img/xj2/6/1.jpg','31个表情','有时言语并不足以表达出你的真实心情。有了三个种族的表情包，这下你就有更多花式打出“GG”的机会了。'),
('37','丰富你的收藏','http://127.0.0.1:3000/img/xj2/6/2.jpg','9个头像','科普卢星区的主旋律是阴暗的，只有经过不懈努力才能得以生存。现在这些头像将带给你更多欢快的气息，让别人知道你可是来这里享乐的！'),
('37','丰富你的收藏','http://127.0.0.1:3000/img/xj2/6/3.jpg','3个印花','印花可不只是用来装饰基地的，它们还能用来当做喷漆！在这三个独特的喷漆中选择一个，在星际争霸的战场上喷洒你的记号吧！'),
('38','整装待发','http://127.0.0.1:3000/img/xj2/7/1.jpg','联合尤摩扬护国军','几乎没有帝国士兵不想从尤摩扬手中搞到几样亮闪闪的高科技玩意。谁又能因此而责怪他们呢？凭借精良简洁的设计与高度先进的功能，尤摩扬的军品的确会给人留下深刻的印象——哪怕你站在他们的枪口面前亦会如此。'),
('38','整装待发','http://127.0.0.1:3000/img/xj2/7/2.jpg','探索仿生工程的秘密','仿生工程是由一群受到委托的科学家所开展的神秘研究。他们试图通过纯粹的人类科技（至少他们是这样说的）创造出各种异虫样本的复制品。但这项工程的成功与否至今仍未可知，因为整个队伍都意外地消失了……'),
('38','整装待发','http://127.0.0.1:3000/img/xj2/7/3.jpg','重现黄金时代的辉煌','黄金时代的圣堂武士通过身穿强大的铠甲来彰显自身的地位和荣光。末日之战结束后，黑暗的阴影多年挥之不去，星灵辉煌的过往也在圣堂武士的记忆中熊熊燃烧，于是他们重拾起昔日的铠甲，延续着心中不变的骄傲。'),
('39','经典即时战略游戏精心重制','http://127.0.0.1:3000/img/xj/1/1.jpg','重返科普卢星区','体验三大种族（机械化的人类、擅用灵能的星灵，以及恐怖的异虫）的第一次交锋，见证星际战争如何拉开序幕。通过50多个战役任务，探索波及整个宇宙的史诗之战。'),
('39','经典即时战略游戏精心重制','http://127.0.0.1:3000/img/xj/1/2.jpg','即时战略经典重现','完成战役后即可开始你的霸权战争。你还可以和其他玩家组队，进行多人对战。指挥你的阵营，在8种独特环境中争夺战场的统治权。从三大风格迥异的种族中选择一支势力，建造基地，扩充军队，带领他们走向胜利。'),
('39','经典即时战略游戏精心重制','http://127.0.0.1:3000/img/xj/1/3.jpg','升级完成','购买《星际争霸：重制版》的所有玩家都可以获得《星际争霸II》的虚拟物品奖励，包括三款独特的头像，以及被感染的合作任务指挥官阿列克谢·斯托科夫。'),
('40','焕然一新的艾泽拉斯','http://127.0.0.1:3000/img/ms3/1/1.jpg','磅礴的史诗','奥格瑞玛的建立、洛丹伦的陨落、燃烧军团的末世之治、巫妖王的崛起。不论是久经沙场的老兵还是初出茅庐的新人，都将以前所未有的体验领略艾泽拉斯的重大历史事件。'),
('40','焕然一新的艾泽拉斯','http://127.0.0.1:3000/img/ms3/1/2.jpg','战场在等待','强壮的兽人、高尚的人类、古老的暗夜精灵、阴险的亡灵，以四大阵营的独特视角来体验战争。采集资源、建立基地、集结军队，并征募强大的英雄来率领你的部队，在战场上和敌人兵戎相见。摧毁对手的基地，胜利便是属于你的！'),
('40','焕然一新的艾泽拉斯','http://127.0.0.1:3000/img/ms3/1/3.jpg','丰富的战役','重温《魔兽争霸III：混乱之治》和《冰封王座》的传奇故事。超过4小时的重制版过场动画以及新版语音为艾泽拉斯早期的关键角色注入新的活力。此外还有超过60个单人任务，遍及卡利姆多、诺森德、洛丹伦，以及更遥远的土地。'),
('40','焕然一新的艾泽拉斯','http://127.0.0.1:3000/img/ms3/1/4.jpg','视效设计精心重制','所有角色、建筑、环境经过精心重制，让这个原始奇幻世界的深度得以扩展、维度得以拓宽，特征变得更为鲜明。4K高清画质为你呈现《魔兽争霸III》的经典单位，焕然一新的动画让角色变得更加生动，为你带来前所未有的游戏体验。'),
('40','焕然一新的艾泽拉斯','http://127.0.0.1:3000/img/ms3/1/5.jpg','魔兽争霸官方对战平台会员（预购限定奖励）','本次预购《魔兽争霸III:重制版》将立即获赠价值168元的一年魔兽争霸官方对战平台会员，尊享平台四大特权服务：特权身份、经验加成、多人房间与社交特权，为热爱自定义游戏的您带来丰富的个性化体验！作为暴雪唯一认证的魔兽争霸官方对战平台，海量RPG自定义地图各具特色，等你来战。'),
('40','焕然一新的艾泽拉斯','http://127.0.0.1:3000/img/ms3/1/6.jpg','多人游戏匹配系统','借助现代的多人游戏匹配系统挑战对手、探索自定义游戏大厅、用暴雪战网应用程序与好友互动。有了最新的用户界面和无数内容优化，现在正是加入《魔兽争霸III》的绝佳时机。');

#商城列表
CREATE TABLE zw_list(
  pid INT,
  bg_img VARCHAR(256),
  logo_img VARCHAR(256),
  lname VARCHAR(64),
  style VARCHAR(32),
  expend VARCHAR(32),
  price DECIMAL(10,2)
);
INSERT INTO zw_list VALUES(
  8,
  'http://127.0.0.1:3000/images/shoppingmall/7eb316750c5834e1990b5efbd3f41fc8-WoW_Promo_Esports_Toy_Transformer_Product_Card_Vert_MN02f.jpg',
  'http://127.0.0.1:3000/images/shoppingmall/logo-mobile-wow-e09169bb480f819c.png',
  '幻变者道标',
  '支持《魔兽世界》电竞赛事',
  '虚拟玩具',
  45
  );
INSERT INTO zw_list VALUES(
  2,
  'http://127.0.0.1:3000/images/shoppingmall/fa76918a1c71500336aecefb449de8d7-prod-card-tall.jpg',
  'http://127.0.0.1:3000/images/shoppingmall/battle-net.svg',
  '暴雪游戏点数',
  null,
  '游戏服务',
  30
  );
INSERT INTO zw_list VALUES(
  1,'http://127.0.0.1:3000/images/shoppingmall/2545a8e0efe0a320ec9434e9477e05e1-prod-card-tall.jpg',
  'http://127.0.0.1:3000/images/shoppingmall/logo-mobile-wow-e09169bb480f819c.png','《魔兽世界》争霸艾泽拉斯',null,'游戏时间',75
  );
INSERT INTO zw_list VALUES(
  3,'http://127.0.0.1:3000/images/shoppingmall/4d128722075be2a02b73ca810ea89a01-HS14_Product_Cards2_Vert_CN_JK01.jpg',
  'http://127.0.0.1:3000/images/shoppingmall/logo-mobile-hs-8f578d9162ef6bef.png','炉石传说：预购"暗影崛起超级合集"','立即预购','奥数之尘礼包',488
  );
INSERT INTO zw_list VALUES(
  4,'http://127.0.0.1:3000/images/shoppingmall/6d8e8cbe35954de9ea628e3485023d7a-prod-card-tall.jpg',
  'http://127.0.0.1:3000/images/shoppingmall/logo-mobile-hs-8f578d9162ef6bef.png','炉石传说：预购"暗影崛起超级合集"','立即预购','奥数之尘礼包',328
  );
INSERT INTO zw_list VALUES(
  5,'http://127.0.0.1:3000/images/shoppingmall/89fa735b8b71abd3660695dab3e937ae-prod-card-tall.jpg',
  'http://127.0.0.1:3000/images/shoppingmall/logo-mobile-ow-f55e678d31c82327.png','《守望先锋》传奇典藏版','传奇典藏版','团队射击游戏',158
  );
INSERT INTO zw_list VALUES(
  14,'http://127.0.0.1:3000/images/shoppingmall/e63fca38e4e76109b2711340158250ca-prod-card-tall.jpg',
  'http://127.0.0.1:3000/images/shoppingmall/logo-mobile-ow-f55e678d31c82327.png','《守望先锋》数字畅玩版','无限畅玩包','团队射击游戏',98
  );
INSERT INTO zw_list VALUES(
  9,'http://127.0.0.1:3000/images/shoppingmall/bc07dba72b0c1496e6d2801c7f1d9a4b-WoW_Promo_Esports_Toy_Fireworks_Product_Card_Vert_MN02.jpg',
  'http://127.0.0.1:3000/images/shoppingmall/logo-mobile-wow-e09169bb480f819c.png','狮王之傲和部落之力烟花','支持《魔兽世界》电竞赛事','虚拟玩具',45
  );
INSERT INTO zw_list VALUES(
  6,'http://127.0.0.1:3000/images/shoppingmall/93e0c2c18c7aefc736438e456c131652-prod-card-tall.jpg',
  'http://127.0.0.1:3000/images/shoppingmall/logo-mobile-hs-8f578d9162ef6bef.png','迎新合集','新玩家的最佳选择','奥术之尘礼包',30
  );
INSERT INTO zw_list VALUES(
  13,'http://127.0.0.1:3000/images/shoppingmall/32093f4734232e094a898ad695852aa6-prod-card-tall.jpg',
  'http://127.0.0.1:3000/images/shoppingmall/logo-mobile-wow-e09169bb480f819c.png','时光徽章',null,'游戏服务',75
  );
INSERT INTO zw_list VALUES(
  1,'http://127.0.0.1:3000/images/shoppingmall/7eb316750c5834e1990b5efbd3f41fc8-WoW_Promo_Esports_Toy_Transformer_Product_Card_Vert_MN02f.jpg',
  'http://127.0.0.1:3000/images/shoppingmall/logo-mobile-wow-e09169bb480f819c.png','幻变者道标','支持《魔兽世界》电竞赛事','虚拟玩具',45
  );
INSERT INTO zw_list VALUES(
  7,'http://127.0.0.1:3000/images/shoppingmall/fa76918a1c71500336aecefb449de8d7-prod-card-tall.jpg',
  'http://127.0.0.1:3000/images/shoppingmall/logo-mobile-wow-e09169bb480f819c.png','暴雪游戏点数',null,'游戏服务',70
  );
INSERT INTO zw_list VALUES(
  8,'http://127.0.0.1:3000/images/shoppingmall/b7bdceac1dd1435fa7fa61337e6c77d5-prod-card-tall.jpg',
  'http://127.0.0.1:3000/images/shoppingmall/logo-mobile-wow-e09169bb480f819c.png','《守望先锋》联赛代币',null,'可解锁内容',30
  );
INSERT INTO zw_list VALUES(
  4,'http://127.0.0.1:3000/images/shoppingmall/980f28c36a6c1e47d9955e51b8111150-prod-card-vert18.jpg',
  'http://127.0.0.1:3000/images/shoppingmall/logo-mobile-wow-e09169bb480f819c.png','狡狐魔使',null,'虚拟坐骑',120
  );
INSERT INTO zw_list VALUES(
  9,'http://127.0.0.1:3000/images/shoppingmall/bc07dba72b0c1496e6d2801c7f1d9a4b-WoW_Promo_Esports_Toy_Fireworks_Product_Card_Vert_MN02.jpg',
  'http://127.0.0.1:3000/images/shoppingmall/logo-mobile-wow-e09169bb480f819c.png','狮王之傲和部落之力烟花','支持《魔兽世界》电竞赛事','虚拟玩具',45
  );
INSERT INTO zw_list VALUES(
  9,'http://127.0.0.1:3000/images/shoppingmall/89fa735b8b71abd3660695dab3e937ae-prod-card-tall.jpg',
  'http://127.0.0.1:3000/images/shoppingmall/logo-mobile-wow-e09169bb480f819c.png','《守望先锋®》传奇典藏版','传奇典藏版','团队射击游戏',158
  );
INSERT INTO zw_list VALUES(
  10,'http://127.0.0.1:3000/images/shoppingmall/93e0c2c18c7aefc736438e456c131652-prod-card-tall.jpg',
  'http://127.0.0.1:3000/images/shoppingmall/logo-mobile-hs-8f578d9162ef6bef.png','迎新合集','新玩家的最佳选择','奥术之尘礼包',30
  );
INSERT INTO zw_list VALUES(
  11,'http://127.0.0.1:3000/images/shoppingmall/4d128722075be2a02b73ca810ea89a01-HS14_Product_Cards2_Vert_CN_JK01.jpg',
  'http://127.0.0.1:3000/images/shoppingmall/logo-mobile-hs-8f578d9162ef6bef.png','炉石传说：预购"暗影崛起超级合集"','立即预购','奥术之尘礼包',488
  );
INSERT INTO zw_list VALUES(
  12,'http://127.0.0.1:3000/images/shoppingmall/6d8e8cbe35954de9ea628e3485023d7a-prod-card-tall.jpg',
  'http://127.0.0.1:3000/images/shoppingmall/logo-mobile-hs-8f578d9162ef6bef.png','炉石传说：预购"暗影崛起超级合集"','立即预购','奥术之尘礼包',328
  );
INSERT INTO zw_list VALUES(
  34,'http://127.0.0.1:3000/images/shoppingmall/38fa2fb618cf8aa491d6f6f5a9b24b34-prod-card-vert.jpg',
  'http://127.0.0.1:3000/images/shoppingmall/logo-mobile-wow-e09169bb480f819c.png','指挥官：泽拉图',null,'指挥官',25
  );
INSERT INTO zw_list VALUES(
  9,'http://127.0.0.1:3000/images/shoppingmall/bc07dba72b0c1496e6d2801c7f1d9a4b-WoW_Promo_Esports_Toy_Fireworks_Product_Card_Vert_MN02.jpg',
  'http://127.0.0.1:3000/images/shoppingmall/logo-mobile-wow-e09169bb480f819c.png','狮王之傲和部落之力烟花','支持《魔兽世界》电竞赛事','虚拟玩具',45
  );
INSERT INTO zw_list VALUES(
  8,'http://127.0.0.1:3000/images/shoppingmall/7eb316750c5834e1990b5efbd3f41fc8-WoW_Promo_Esports_Toy_Transformer_Product_Card_Vert_MN02f.jpg',
  'http://127.0.0.1:3000/images/shoppingmall/logo-mobile-wow-e09169bb480f819c.png','幻变者道标','支持《魔兽世界》电竞赛事','虚拟玩具',45
  );
INSERT INTO zw_list VALUES(
  14,'http://127.0.0.1:3000/images/shoppingmall/44ddcca66472baa6160deab41c98237a-prod-card-vert.jpg',
  'http://127.0.0.1:3000/images/shoppingmall/logo-mobile-wow-e09169bb480f819c.png','翁帕尔',null,'虚拟宠物',45
  );
INSERT INTO zw_list VALUES(
  15,'http://127.0.0.1:3000/images/shoppingmall/ac8817e4c0cfc2f6b4fd66d99cf4ce88-prod-card-tall.jpg',
  'http://127.0.0.1:3000/images/shoppingmall/logo-mobile-wow-e09169bb480f819c.png','《守望先锋》游戏货币：赠送补给',null,'可解锁内容',12
  );
INSERT INTO zw_list VALUES(
  4,'http://127.0.0.1:3000/images/shoppingmall/980f28c36a6c1e47d9955e51b8111150-prod-card-vert18.jpg',
  'http://127.0.0.1:3000/images/shoppingmall/logo-mobile-wow-e09169bb480f819c.png','狡狐魔使',null,'虚拟坐骑',120
  );
INSERT INTO zw_list VALUES(
  17,'http://127.0.0.1:3000/images/shoppingmall/89fa735b8b71abd3660695dab3e937ae-prod-card-tall.jpg',
  'http://127.0.0.1:3000/images/shoppingmall/logo-mobile-wow-e09169bb480f819c.png','《守望先锋®》传奇典藏版','传奇典藏版','团队射击游戏',158
  );
INSERT INTO zw_list VALUES(
  2,'http://127.0.0.1:3000/images/shoppingmall/a872714ce2f05221623f1d2a9c19172f-apac-vertical.png',
  'http://127.0.0.1:3000/images/shoppingmall/logo-mobile-wow-e09169bb480f819c.png','魔兽世界：《争霸艾泽拉斯》数字典藏礼包',null,'礼包',240
  );
INSERT INTO zw_list VALUES(
  39,'http://127.0.0.1:3000/images/shoppingmall/a873ec6915c073bd170700627b6362d3-WC3R-Arthas_prod-card-vert_162c4d.jpg',
  'http://127.0.0.1:3000/images/shoppingmall/logo-mobile-wow-e09169bb480f819c.png','《魔兽争霸III：重制版》','立即预购','即时策略游戏',168
  );
INSERT INTO zw_list VALUES(
  19,'http://127.0.0.1:3000/images/shoppingmall/6d8e8cbe35954de9ea628e3485023d7a-prod-card-tall.jpg',
  'http://127.0.0.1:3000/images/shoppingmall/logo-mobile-hs-8f578d9162ef6bef.png','拉斯塔哈的大乱斗','最新内容','奥术之尘礼包',60
  );
INSERT INTO zw_list VALUES(
  8,'http://127.0.0.1:3000/images/shoppingmall/4d128722075be2a02b73ca810ea89a01-HS14_Product_Cards2_Vert_CN_JK01.jpg',
  'http://127.0.0.1:3000/images/shoppingmall/logo-mobile-hs-8f578d9162ef6bef.png','炉石传说：预购"暗影崛起超级合集"','立即预购','奥术之尘礼包',488
  );
INSERT INTO zw_list VALUES(
  9,'http://127.0.0.1:3000/images/shoppingmall/bc07dba72b0c1496e6d2801c7f1d9a4b-WoW_Promo_Esports_Toy_Fireworks_Product_Card_Vert_MN02.jpg',
  'http://127.0.0.1:3000/images/shoppingmall/logo-mobile-wow-e09169bb480f819c.png','狮王之傲和部落之力烟花','支持《魔兽世界》电竞赛事','虚拟玩具',45
  );
INSERT INTO zw_list VALUES(
  8,'http://127.0.0.1:3000/images/shoppingmall/7eb316750c5834e1990b5efbd3f41fc8-WoW_Promo_Esports_Toy_Transformer_Product_Card_Vert_MN02f.jpg',
  'http://127.0.0.1:3000/images/shoppingmall/logo-mobile-wow-e09169bb480f819c.png','幻变者道标','支持《魔兽世界》电竞赛事','虚拟玩具',45
  );
INSERT INTO zw_list VALUES(
  19,'http://127.0.0.1:3000/images/shoppingmall/c074270c5024a5bb627d46cddf024dad-prod-card-tall.jpg',
  'http://127.0.0.1:3000/images/shoppingmall/logo-mobile-wow-e09169bb480f819c.png','《炉石传说》',null,'策略性卡牌游戏',30
  );
INSERT INTO zw_list VALUES(
  1,'http://127.0.0.1:3000/images/shoppingmall/2545a8e0efe0a320ec9434e9477e05e1-prod-card-tall.jpg',
  'http://127.0.0.1:3000/images/shoppingmall/logo-mobile-wow-e09169bb480f819c.png','《魔兽世界》争霸艾泽拉斯',null,'游戏时间',75
  );
INSERT INTO zw_list VALUES(
  null,'http://127.0.0.1:3000/images/shoppingmall/89fa735b8b71abd3660695dab3e937ae-prod-card-tall.jpg',
  'http://127.0.0.1:3000/images/shoppingmall/logo-mobile-wow-e09169bb480f819c.png','《守望先锋®》传奇典藏版','传奇典藏版','团队射击游戏',158
  );
INSERT INTO zw_list VALUES(
  29,'http://127.0.0.1:3000/images/shoppingmall/49a7442866124870a545ca01e168a74e-prod-card-tall.jpg',
  'http://127.0.0.1:3000/images/shoppingmall/logo-mobile-wow-e09169bb480f819c.png','《星际争霸II》',null,'即时策略游戏',25
  );
INSERT INTO zw_list VALUES(
 26,'http://127.0.0.1:3000/images/shoppingmall/0f2efeb8d64127edb647a95c236c92ba-prod-card-tall.jpg',
  'http://127.0.0.1:3000/images/shoppingmall/logo-mobile-wow-e09169bb480f819c.png','《风暴英雄™》',null,'多人在线战术竞技游戏',120
  );
INSERT INTO zw_list VALUES(
  2,'http://127.0.0.1:3000/images/shoppingmall/a872714ce2f05221623f1d2a9c19172f-apac-vertical.png',
  'http://127.0.0.1:3000/images/shoppingmall/logo-mobile-wow-e09169bb480f819c.png','魔兽世界：《争霸艾泽拉斯》数字典藏礼包',null,'礼包',240
  );
INSERT INTO zw_list VALUES(
  16,'http://127.0.0.1:3000/images/shoppingmall/f57ba9cc04062c28cdffb600d600d17a-prod-card-tall.jpg',
  'http://127.0.0.1:3000/images/shoppingmall/logo-mobile-di-9298e222a1ff42e3.png','《暗黑破坏神III》：《夺魂之镰》',null,'动作角色扮演游戏',198
  );
INSERT INTO zw_list VALUES(
  22,'http://127.0.0.1:3000/images/shoppingmall/6d8e8cbe35954de9ea628e3485023d7a-prod-card-tall.jpg',
  'http://127.0.0.1:3000/images/shoppingmall/logo-mobile-hs-8f578d9162ef6bef.png','经典',null,'奥术之尘礼包',60
  );